Gen,Fit,Cat,Div,Loc,Comp,Unq,Tot,Hits
210,359771,0,0.46072,0.05,1,0.1,25,0,1324
270,359771,0,0.477014,0.05,1,0.1,25,0,1657
630,356328,0,0.483867,0.05,1,0.1,25,0,3926
660,351398,0,0.484116,0.05,1,0.1,25,0,4120
810,348605,0,0.38477,0.05,1,0.1,25,0,5037
1230,345273,0,0.115797,0.224157,0.791012,0.285768,25,0,7212
1320,344878,0,0.075619,0.447294,0.523248,0.52378,25,0,7677
1410,343889,0,0.0758634,0.446495,0.524206,0.522928,25,0,8149
2280,335126,0,0.109255,0.268279,0.738066,0.332831,25,0,12058
2400,333959,0,0.123072,0.0943212,0.946815,0.147276,25,0,12624
2430,333959,0,0.123337,0.192835,0.828598,0.252357,25,0,12786
2520,333762,0,0.080646,0.40752,0.570976,0.481355,26,1,13275
2670,333036,0,0.0494865,0.588465,0.353842,0.674363,26,1,14278
3120,331190,0,0.0914948,0.363421,0.623895,0.434315,26,1,16504
3870,329209,0,0.0589027,0.532254,0.421295,0.614404,26,1,19133
3900,329209,0,0.0593582,0.546562,0.404126,0.629666,26,1,19236
4050,329209,0,0.0648282,0.506278,0.452467,0.586696,26,1,19769
4650,328242,0,0.0594865,0.534894,0.418128,0.61722,26,1,21572
5190,328242,0,0.0518178,0.575976,0.368829,0.661041,27,2,23477
5220,328242,0,0.0445549,0.620985,0.314818,0.709051,27,2,23609
5400,327974,0,0.0753499,0.463842,0.50339,0.541432,27,2,24479
6120,327783,0,0.106054,0.285426,0.717489,0.351121,27,2,28061
6390,327783,0,0.100219,0.316681,0.679982,0.38446,27,2,28855
6780,327727,0,0.102845,0.302618,0.696859,0.369459,27,2,29954
6930,327727,0,0.102845,0.302618,0.696859,0.369459,27,2,30362
7200,326832,0,0.0958509,0.340084,0.651899,0.409423,27,2,31115
7320,326832,0,0.0958509,0.340084,0.651899,0.409423,27,2,31454
7590,325888,0,0.138219,0.11311,0.924268,0.167317,28,2,32429
8520,325727,0,0.0548696,0.559516,0.38858,0.643484,28,2,36339
8580,325583,0,0.0457308,0.608585,0.329698,0.695824,28,2,36549
8610,325583,0,0.0457308,0.608585,0.329698,0.695824,28,2,36638
9000,324896,0,0.0432257,0.622005,0.313594,0.710139,28,2,37957
9360,324896,0,0.0426253,0.625222,0.309734,0.71357,28,2,38984
9390,324896,0,0.0426253,0.625222,0.309734,0.71357,28,2,39045
10140,324305,0,0.0682567,0.48791,0.474508,0.567104,29,2,41412
10620,323885,0,0.0655983,0.494743,0.466309,0.574392,29,2,43082
11010,323698,0,0.0633251,0.51433,0.442804,0.595285,29,2,44563
11190,323698,0,0.0631429,0.515306,0.441633,0.596327,29,2,45215
11310,323698,0,0.0629151,0.516526,0.440169,0.597628,29,2,45624
11340,323698,0,0.0629151,0.516526,0.440169,0.597628,29,2,45719
11490,323698,0,0.0601284,0.563576,0.383709,0.647814,29,2,46314
11640,323698,0,0.0570518,0.547937,0.402476,0.631133,29,2,46827
12180,323311,0,0.0552422,0.557631,0.390843,0.641473,29,2,48486
12360,322663,0,0.0558261,0.54827,0.402076,0.631488,29,2,48944
12390,322663,0,0.0543768,0.554503,0.394596,0.638137,29,2,49009
12630,322663,0,0.0537143,0.569255,0.376894,0.653872,30,3,49860
12930,322663,0,0.0546708,0.560692,0.387169,0.644738,30,3,50882
13200,322663,0,0.0567867,0.549357,0.400772,0.632647,30,3,51904
13230,322663,0,0.0567867,0.549357,0.400772,0.632647,30,3,52005
13320,322663,0,0.0511056,0.579791,0.36425,0.665111,30,3,52390
13410,322552,0,0.053118,0.583807,0.359432,0.669394,30,3,52691
13740,322538,0,0.0512629,0.578949,0.365262,0.664212,30,3,53785
14100,322430,0,0.0535362,0.56677,0.379876,0.651222,30,3,54929
14700,321181,0,0.0619255,0.553771,0.395475,0.637356,30,3,56541
14820,321181,0,0.0620911,0.525488,0.429414,0.607187,30,3,56837
15090,321181,0,0.0634576,0.51362,0.443656,0.594528,31,4,57500
15570,321181,0,0.0621532,0.520608,0.435271,0.601982,31,4,59041
15660,321181,0,0.0609855,0.526863,0.427764,0.608654,31,4,59365
16140,321181,0,0.061089,0.526309,0.428429,0.608063,31,4,61025
16470,321181,0,0.0616149,0.523492,0.43181,0.605058,31,4,62272
16530,321181,0,0.0616149,0.523492,0.43181,0.605058,31,4,62505
16680,321181,0,0.0616149,0.523492,0.43181,0.605058,31,4,63002
16830,321181,0,0.0616149,0.523492,0.43181,0.605058,31,4,63495
17430,321181,0,0.0671967,0.493589,0.467693,0.573162,31,4,65399
17460,321181,0,0.0671967,0.493589,0.467693,0.573162,31,4,65501
18150,321071,0,0.0423106,0.626908,0.307711,0.715368,32,4,67502
18240,321071,0,0.0365549,0.657742,0.27071,0.748258,32,4,67797
18330,321071,0,0.0352298,0.657742,0.27071,0.748258,32,4,68076
18540,321071,0,0.0299917,0.692902,0.228518,0.785762,32,4,68719
18720,321071,0,0.0299917,0.692902,0.228518,0.785762,32,4,69212
18840,321071,0,0.0280248,0.703438,0.215874,0.797001,32,4,69588
19110,321071,0,0.0276729,0.70488,0.214144,0.798539,32,4,70404
19920,320940,0,0.0427826,0.626819,0.307817,0.715274,32,4,72742
20130,320844,0,0.04547,0.609982,0.328021,0.697314,33,4,73347
20580,320780,0,0.0469896,0.601841,0.337791,0.688631,33,4,74900
20880,320525,0,0.0487578,0.592369,0.349157,0.678527,33,4,75946
21390,319875,0,0.045499,0.609827,0.328208,0.697149,33,4,77625
21480,319875,0,0.045499,0.609827,0.328208,0.697149,33,4,77922
21600,319875,0,0.0443023,0.621295,0.314445,0.709382,33,4,78372
21690,319875,0,0.0448199,0.613465,0.323842,0.701029,33,4,78687
21720,319875,0,0.0448199,0.613465,0.323842,0.701029,33,4,78777
21810,319875,0,0.0441573,0.617014,0.319583,0.704815,33,4,79109
22170,319875,0,0.0408737,0.634605,0.298474,0.723579,33,4,80219
22920,319744,0,0.0443064,0.616216,0.320541,0.703963,34,5,83309
23280,319290,0,0.0455983,0.609295,0.328846,0.696581,34,5,84936
23670,319290,0,0.0428696,0.625266,0.309681,0.713617,34,5,86646
23790,319290,0,0.0420621,0.628239,0.306114,0.716788,34,5,87189
23820,319290,0,0.0423313,0.626797,0.307844,0.71525,34,5,87306
24480,319290,0,0.032265,0.680723,0.243132,0.772771,34,5,90155
24930,319244,0,0.0296149,0.69492,0.226096,0.787915,34,5,92252
25320,319244,0,0.0244431,0.722626,0.192848,0.817468,35,6,94160
25530,319244,0,0.0215321,0.736224,0.176531,0.831973,35,6,95235
25560,319244,0,0.0215321,0.738221,0.174135,0.834102,35,6,95370
25800,319244,0,0.0215321,0.738221,0.174135,0.834102,35,6,96264
25980,319244,0,0.0215321,0.738221,0.174135,0.834102,35,6,96911
26130,319244,0,0.0207867,0.742214,0.169343,0.838361,35,6,97450
26460,319244,0,0.0223188,0.734006,0.179193,0.829607,35,6,98475
27030,319244,0,0.0219462,0.736003,0.176797,0.831736,35,6,100194
27060,319244,0,0.0219462,0.736003,0.176797,0.831736,35,6,100271
27270,319244,0,0.0192547,0.750421,0.159494,0.847116,35,6,100884
27570,319244,0,0.0179627,0.757343,0.151189,0.854499,36,7,101772
27780,319244,0,0.0179627,0.757343,0.151189,0.854499,36,7,102392
28170,319244,0,0.0179627,0.757343,0.151189,0.854499,36,7,103344
28260,319244,0,0.0179627,0.757343,0.151189,0.854499,36,7,103549
28290,319244,0,0.0179627,0.757343,0.151189,0.854499,36,7,103621
28650,319244,0,0.0179627,0.757343,0.151189,0.854499,36,7,104448
28710,319244,0,0.0179627,0.757343,0.151189,0.854499,36,7,104587
28740,319244,0,0.0179627,0.757343,0.151189,0.854499,36,7,104661
29610,319244,0,0.0175487,0.759561,0.148527,0.856865,36,7,106606
29730,319244,0,0.0166791,0.764219,0.142937,0.861834,36,7,106862
29820,319244,0,0.0166791,0.764219,0.142937,0.861834,36,7,107078
30480,319234,0,0.0190932,0.751287,0.158456,0.848039,37,7,108437
30600,319234,0,0.0190932,0.751287,0.158456,0.848039,37,7,108669
31020,319234,0,0.0193623,0.749845,0.160186,0.846501,37,7,109485
31140,319234,0,0.0193623,0.749845,0.160186,0.846501,37,7,109712
31350,319234,0,0.0194658,0.74929,0.160852,0.845909,37,7,110171
31590,319234,0,0.0192588,0.750399,0.159521,0.847093,37,7,110606
32400,319234,0,0.0201449,0.745652,0.165217,0.842029,37,7,112067
32880,318440,0,0.0199834,0.746517,0.164179,0.842952,38,8,113030
33630,318440,0,0.0179545,0.757387,0.151136,0.854546,38,8,114358
33780,318440,0,0.0179545,0.757387,0.151136,0.854546,38,8,114653
34080,318440,0,0.0176646,0.757387,0.151136,0.854546,38,8,115174
34440,318440,0,0.0176646,0.75894,0.149272,0.856202,38,8,115842
34500,318440,0,0.0176646,0.75894,0.149272,0.856202,38,8,115948
34650,318440,0,0.0181615,0.756278,0.152467,0.853363,38,8,116215
35100,318440,0,0.02,0.746429,0.164286,0.842857,39,9,117045
35280,318440,0,0.02,0.746429,0.164286,0.842857,39,9,117401
35880,318440,0,0.02,0.746429,0.164286,0.842857,39,9,118614
36150,318440,0,0.0268323,0.709827,0.208208,0.803815,39,9,119172
37380,318440,0,0.0268323,0.709827,0.208208,0.803815,39,9,121890
37680,318430,0,0.0288903,0.698802,0.221437,0.792056,40,9,122602
38100,318430,0,0.0333209,0.675067,0.24992,0.766738,40,9,123591
39570,318430,0,0.0369068,0.655856,0.272972,0.746247,40,9,126646
40320,318430,0,0.0325342,0.679281,0.244862,0.771233,41,10,128264
40350,318430,0,0.0325342,0.679281,0.244862,0.771233,41,10,128292
40890,318430,0,0.0325342,0.679281,0.244862,0.771233,41,10,129490
41460,318430,0,0.0325342,0.679281,0.244862,0.771233,41,10,130610
42000,318430,0,0.0325342,0.679281,0.244862,0.771233,41,10,131680
43140,318430,0,0.0290807,0.697782,0.222662,0.790967,42,11,134159
43680,318430,0,0.02906,0.697893,0.222529,0.791085,42,11,135262
43770,318430,0,0.02906,0.697893,0.222529,0.791085,42,11,135492
44340,318430,0,0.02906,0.697893,0.222529,0.791085,42,11,136706
44880,318430,0,0.0261325,0.713576,0.203709,0.807814,42,11,137889
45660,318073,0,0.0300745,0.692458,0.229051,0.785288,43,11,139652
45750,318073,0,0.0298675,0.692458,0.229051,0.785288,43,11,139858
45780,318073,0,0.0298675,0.693567,0.22772,0.786471,43,11,139945
46200,318073,0,0.0371511,0.654547,0.274543,0.744851,43,11,140881
46350,318073,0,0.0426791,0.624933,0.31008,0.713262,43,11,141234
46440,318073,0,0.0430932,0.622715,0.312742,0.710896,43,11,141439
46980,318073,0,0.036029,0.660559,0.267329,0.751263,43,11,142609
47250,318073,0,0.0347867,0.667214,0.259343,0.758361,43,11,143234
47550,317552,0,0.031354,0.685603,0.237276,0.777977,44,11,143827
47820,317552,0,0.031354,0.685603,0.237276,0.777977,44,11,144472
47910,317552,0,0.031354,0.685603,0.237276,0.777977,44,11,144688
48000,317552,0,0.031354,0.685603,0.237276,0.777977,44,11,144914
48180,317552,0,0.031354,0.685603,0.237276,0.777977,44,11,145374
48390,317552,0,0.0296149,0.69492,0.226096,0.787915,44,11,145860
48600,317552,0,0.0288489,0.699024,0.221171,0.792292,44,11,146313
48690,317552,0,0.0288489,0.699024,0.221171,0.792292,44,11,146513
49230,317552,0,0.0281656,0.702684,0.216779,0.796196,44,11,147589
49350,317552,0,0.0281656,0.702684,0.216779,0.796196,44,11,147900
49440,317552,0,0.0281656,0.702684,0.216779,0.796196,44,11,148124
49890,317552,0,0.0261822,0.71331,0.204028,0.80753,44,11,149070
50010,317552,0,0.0261822,0.71331,0.204028,0.80753,44,11,149316
51090,317552,0,0.0332298,0.675555,0.249335,0.767258,45,12,151735
51420,317552,0,0.0292547,0.69685,0.22378,0.789973,45,12,152510
51630,317552,0,0.0292547,0.69685,0.22378,0.789973,45,12,152972
52140,317552,0,0.0291097,0.697626,0.222848,0.790802,45,12,154145
53220,317552,0,0.0260455,0.714042,0.20315,0.808311,46,13,156396
53250,317552,0,0.0260455,0.714042,0.20315,0.808311,46,13,156454
53520,317552,0,0.0242443,0.723691,0.191571,0.818604,46,13,157027
54270,317552,0,0.0237267,0.726464,0.188243,0.821562,46,13,158618
54570,317552,0,0.0226004,0.723625,0.19165,0.818533,46,13,159252
55230,317519,0,0.0225052,0.733008,0.18039,0.828542,47,13,160504
55290,317519,0,0.0225052,0.733008,0.18039,0.828542,47,13,160588
55500,317519,0,0.0221739,0.734783,0.178261,0.830435,47,13,160948
55980,317519,0,0.0200207,0.746318,0.164419,0.842739,47,13,161885
56070,317519,0,0.0200207,0.746318,0.164419,0.842739,47,13,162030
56490,317519,0,0.0198137,0.747427,0.163088,0.843922,47,13,162829
58590,317519,0,0.0191097,0.751198,0.158563,0.847944,48,14,166907
59100,317519,0,0.0186128,0.751198,0.158563,0.847944,48,14,167873
59250,317519,0,0.0173913,0.760404,0.147516,0.857764,48,14,168183
59400,317519,0,0.0173913,0.760404,0.147516,0.857764,48,14,168497
59970,317519,0,0.018911,0.752263,0.157285,0.84908,48,14,169547
60210,317519,0,0.0194079,0.749601,0.160479,0.846241,49,15,170050
60420,317519,0,0.0194079,0.749601,0.160479,0.846241,49,15,170480
60750,317519,0,0.0182484,0.755812,0.153026,0.852866,49,15,171082
61320,317519,0,0.0182484,0.755812,0.153026,0.852866,49,15,172164
61890,317491,0,0.0243768,0.722981,0.192422,0.817847,49,15,173210
62490,317458,0,0.0299172,0.693301,0.228039,0.786188,49,15,174256
62580,317458,0,0.0344306,0.669122,0.257054,0.760396,50,16,174445
62700,317458,0,0.0344306,0.669122,0.257054,0.760396,50,16,174679
63450,317458,0,0.0340166,0.67134,0.254392,0.762762,50,16,176201
63630,317458,0,0.0380787,0.671229,0.254525,0.762644,50,16,176588
64380,317458,0,0.0418799,0.629215,0.304942,0.717829,50,16,178082
64830,317458,0,0.0420538,0.628283,0.30606,0.716835,50,16,179015
64920,317458,0,0.0420538,0.628283,0.30606,0.716835,50,16,179174
65280,317458,0,0.0390683,0.644277,0.286868,0.733895,51,17,179973
65310,317458,0,0.0390683,0.644277,0.286868,0.733895,51,17,180054
65670,317458,0,0.0366874,0.657032,0.271562,0.747501,51,17,180827
66240,317423,0,0.0398551,0.640062,0.291925,0.7294,51,17,182204
66270,317423,0,0.0411925,0.640062,0.291925,0.7294,51,17,182270
66540,317423,0,0.0411925,0.632897,0.300524,0.721757,51,17,182923
66930,317423,0,0.0406128,0.632897,0.300524,0.721757,51,17,183872
67800,317423,0,0.0446915,0.614153,0.323017,0.701763,52,18,186288
67890,317423,0,0.0446915,0.614153,0.323017,0.701763,52,18,186540
68430,317423,0,0.0446915,0.614153,0.323017,0.701763,52,18,188115
68850,317423,0,0.0446915,0.614153,0.323017,0.701763,52,18,189284
69300,317423,0,0.042207,0.627462,0.307045,0.71596,52,18,190438
69360,317423,0,0.042207,0.627462,0.307045,0.71596,52,18,190616
70140,317423,0,0.0424017,0.62642,0.308296,0.714848,53,19,192673
70170,317423,0,0.0439503,0.62642,0.308296,0.714848,53,19,192759
70500,317212,0,0.0486294,0.593057,0.348332,0.679261,53,19,193403
70770,317212,0,0.0486294,0.593057,0.348332,0.679261,53,19,194079
70950,317212,0,0.0486294,0.593057,0.348332,0.679261,53,19,194500
71160,317212,0,0.0486294,0.593057,0.348332,0.679261,53,19,195005
71490,317211,0,0.0526501,0.571517,0.374179,0.656285,53,19,195793
72060,317210,0,0.0612257,0.525577,0.429308,0.607282,53,19,197284
72120,317210,0,0.0612257,0.525577,0.429308,0.607282,53,19,197416
73140,317210,0,0.0622277,0.520209,0.43575,0.601556,54,20,200230
73980,316719,0,0.0658551,0.500776,0.459068,0.580828,54,20,202380
74040,316719,0,0.0656853,0.500776,0.459068,0.580828,54,20,202526
74130,316719,0,0.0651056,0.504791,0.45425,0.585111,54,20,202772
74280,316719,0,0.0665549,0.497028,0.463567,0.576829,54,20,203194
74310,316719,0,0.0665549,0.497028,0.463567,0.576829,54,20,203254
74760,316719,0,0.0772878,0.43953,0.532564,0.515498,54,20,204347
75180,316719,0,0.0779006,0.436247,0.536504,0.511996,55,21,205532
75480,316719,0,0.0787288,0.43181,0.541828,0.507264,55,21,206392
75840,316719,0,0.0781077,0.435138,0.537835,0.510813,55,21,207429
76050,316719,0,0.0781077,0.435138,0.537835,0.510813,55,21,208042
76230,316719,0,0.0780248,0.435581,0.537303,0.511287,55,21,208600
76320,316719,0,0.0780248,0.435581,0.537303,0.511287,55,21,208878
76410,316719,0,0.0754451,0.449734,0.520319,0.526383,55,21,209189
76830,316719,0,0.074617,0.453838,0.515395,0.53076,55,21,210442
77250,316719,0,0.0731677,0.461602,0.506078,0.539042,55,21,211700
77460,316719,0,0.0761242,0.445763,0.525084,0.522147,55,21,212299
77550,316719,0,0.0738882,0.457742,0.51071,0.534925,56,22,212581
77610,316719,0,0.0704224,0.457742,0.51071,0.534925,56,22,212807
77760,316719,0,0.0704224,0.476309,0.488429,0.554729,56,22,213226
78510,316719,0,0.0698012,0.479636,0.484437,0.558279,56,22,215217
78900,316719,0,0.0675859,0.491504,0.470195,0.570938,56,22,216206
79170,316719,0,0.0641284,0.491504,0.470195,0.570938,56,22,216875
79320,316719,0,0.0641284,0.510027,0.447968,0.590695,56,22,217177
79560,316719,0,0.0593333,0.535714,0.417143,0.618095,56,22,217795
79800,316719,0,0.0593333,0.535714,0.417143,0.618095,56,22,218306
80220,316719,0,0.0551553,0.558097,0.390284,0.64197,57,23,219370
80850,316719,0,0.0536646,0.566083,0.380701,0.650488,57,23,220923
81270,316719,0,0.051677,0.57673,0.367924,0.661846,57,23,221857
81660,316719,0,0.0491925,0.59004,0.351952,0.676043,57,23,222643
82320,316719,0,0.0457143,0.608673,0.329592,0.695918,57,23,224179
82350,316719,0,0.0457143,0.608673,0.329592,0.695918,57,23,224266
82380,316719,0,0.0457143,0.608673,0.329592,0.695918,57,23,224322
83100,316719,0,0.0310352,0.687311,0.235226,0.779799,58,24,225957
83190,316719,0,0.0310352,0.687311,0.235226,0.779799,58,24,226168
83220,316719,0,0.0310352,0.687311,0.235226,0.779799,58,24,226230
83760,316719,0,0.0291097,0.697626,0.222848,0.790802,58,24,227458
83910,316719,0,0.024824,0.711934,0.205679,0.806063,58,24,227880
85050,316719,0,0.0295652,0.695186,0.225776,0.788199,59,25,230532
86310,316719,0,0.0321739,0.681211,0.242547,0.773292,59,25,232622
87930,316719,0,0.0301863,0.691859,0.229769,0.78465,60,26,235200
88740,316719,0,0.0300621,0.692524,0.228971,0.785359,60,26,236448
91410,316719,0,0.0227329,0.731788,0.181854,0.82724,61,27,240495
92460,316719,0,0.0221118,0.735115,0.177862,0.83079,61,27,242138
93150,316497,0,0.0254617,0.717169,0.199397,0.811647,62,27,243213
93210,316497,0,0.0262692,0.712844,0.204587,0.807033,62,27,243313
93630,316497,0,0.0298137,0.693855,0.227374,0.786779,62,27,243931
94890,316497,0,0.029089,0.697737,0.222715,0.79092,62,27,245888
95100,316497,0,0.0246004,0.721783,0.19386,0.816569,63,28,246214
95490,316497,0,0.0240455,0.724756,0.190293,0.81974,63,28,246825
95760,316497,0,0.0240455,0.724756,0.190293,0.81974,63,28,247276
96780,316497,0,0.0190932,0.751287,0.158456,0.848039,63,28,248838
97380,316497,0,0.0190932,0.751287,0.158456,0.848039,63,28,249716
97590,316383,0,0.0212257,0.739862,0.172165,0.835853,64,28,250032
97800,316383,0,0.02106,0.74075,0.1711,0.8368,64,28,250407
98100,316383,0,0.0223437,0.733873,0.179352,0.829465,64,28,250972
98160,316383,0,0.0223437,0.733873,0.179352,0.829465,64,28,251056
99450,316383,0,0.0260331,0.714108,0.20307,0.808382,64,28,252952
100200,316383,0,0.0286708,0.699978,0.220027,0.79331,65,29,254205
101010,316383,0,0.0228157,0.731344,0.182387,0.826767,65,29,255728
101580,316383,0,0.0230683,0.729991,0.184011,0.825324,65,29,256785
102570,316383,0,0.0198178,0.747405,0.163114,0.843898,66,30,258764
102720,316383,0,0.0198178,0.747405,0.163114,0.843898,66,30,259098
102990,316383,0,0.019942,0.746739,0.163913,0.843188,66,30,259582
103890,316383,0,0.0189896,0.751841,0.157791,0.848631,66,30,261478
104010,316383,0,0.0189896,0.751841,0.157791,0.848631,66,30,261712
104190,316383,0,0.0189896,0.751841,0.157791,0.848631,66,30,262016
104730,316383,0,0.0189896,0.751841,0.157791,0.848631,66,30,263044
105750,316383,0,0.017971,0.757298,0.151242,0.854451,67,31,264657
105960,316383,0,0.017971,0.757298,0.151242,0.854451,67,31,264988
106620,316383,0,0.016646,0.764397,0.142724,0.862023,67,31,266100
106710,316383,0,0.016646,0.764397,0.142724,0.862023,67,31,266224
107100,316383,0,0.016646,0.764397,0.142724,0.862023,67,31,266772
107220,316383,0,0.016646,0.764397,0.142724,0.862023,67,31,266928
107670,316383,0,0.0154244,0.770941,0.134871,0.869003,68,32,267538
107700,316383,0,0.0154244,0.770941,0.134871,0.869003,68,32,267588
108180,316383,0,0.0153002,0.771606,0.134073,0.869713,68,32,268236
108420,316383,0,0.0153002,0.771606,0.134073,0.869713,68,32,268547
109140,316383,0,0.014472,0.776043,0.128749,0.874445,68,32,269522
109410,316383,0,0.014472,0.776043,0.128749,0.874445,68,32,269917
109680,316383,0,0.014472,0.776043,0.128749,0.874445,68,32,270265
110820,316383,0,0.0142236,0.777374,0.127152,0.875865,69,33,271568
111540,316383,0,0.0142236,0.777374,0.127152,0.875865,69,33,272435
111660,316383,0,0.0142236,0.777374,0.127152,0.875865,69,33,272580
112140,316383,0,0.0136025,0.780701,0.123159,0.879414,69,33,273112
112320,316383,0,0.0137267,0.780035,0.123957,0.878705,69,33,273327
112890,316383,0,0.013354,0.782032,0.121562,0.880834,70,34,274018
112920,316383,0,0.013354,0.782032,0.121562,0.880834,70,34,274062
113040,316383,0,0.013354,0.782032,0.121562,0.880834,70,34,274238
113250,316383,0,0.013354,0.782032,0.121562,0.880834,70,34,274583
113400,316383,0,0.013354,0.782032,0.121562,0.880834,70,34,274823
114120,316383,0,0.013354,0.782032,0.121562,0.880834,70,34,275737
114960,316383,0,0.013354,0.782032,0.121562,0.880834,70,34,276632
115260,316383,0,0.0127329,0.785359,0.117569,0.884383,71,35,276982
117360,316383,0,0.0127329,0.785359,0.117569,0.884383,71,35,279104
119490,316383,0,0.0122774,0.787799,0.114641,0.886986,72,36,281371
119640,316383,0,0.0122774,0.787799,0.114641,0.886986,72,36,281517
119670,316383,0,0.0122774,0.787799,0.114641,0.886986,72,36,281544
119970,316383,0,0.0122774,0.787799,0.114641,0.886986,72,36,281814
120150,316383,0,0.0115321,0.791792,0.109849,0.891245,73,37,281981
121830,316383,0,0.0107453,0.796007,0.104791,0.895741,73,37,283794
121890,316383,0,0.0107453,0.796007,0.104791,0.895741,73,37,283910
122790,316383,0,0.00954451,0.799778,0.100266,0.899763,74,38,285002
123630,316383,0,0.00954451,0.8,0.1,0.9,74,38,285937
123900,316383,0,0.00954451,0.8,0.1,0.9,74,38,286224
124620,316383,0,0.00954451,0.8,0.1,0.9,74,38,286978
124800,316383,0,0.00954451,0.8,0.1,0.9,74,38,287191
125190,316383,0,0.00908903,0.8,0.1,0.9,75,39,287616
125370,316383,0,0.00908903,0.8,0.1,0.9,75,39,287757
126000,316383,0,0.00908903,0.8,0.1,0.9,75,39,288422
126090,316383,0,0.00834369,0.8,0.1,0.9,75,39,288556
128400,316383,0,0.00726708,0.8,0.1,0.9,76,40,290942
128430,316383,0,0.00726708,0.8,0.1,0.9,76,40,290959
129240,316383,0,0.00726708,0.8,0.1,0.9,76,40,291645
129480,316383,0,0.00726708,0.8,0.1,0.9,76,40,291898
129630,316383,0,0.00726708,0.8,0.1,0.9,76,40,292040
129960,316383,0,0.00726708,0.8,0.1,0.9,76,40,292398
130650,316383,0,0.00664596,0.8,0.1,0.9,77,41,293205
130920,316383,0,0.00602484,0.8,0.1,0.9,77,41,293454
130980,316383,0,0.00602484,0.8,0.1,0.9,77,41,293523
131220,316383,0,0.00602484,0.8,0.1,0.9,77,41,293760
131790,316383,0,0.00602484,0.8,0.1,0.9,77,41,294387
134190,316383,0,0.00565217,0.8,0.1,0.9,78,42,296750
134250,316383,0,0.00565217,0.8,0.1,0.9,78,42,296807
134280,316383,0,0.00565217,0.8,0.1,0.9,78,42,296827
134340,316383,0,0.00565217,0.8,0.1,0.9,78,42,296881
134580,316383,0,0.00565217,0.8,0.1,0.9,78,42,297118
135660,316383,0,0.00494824,0.8,0.1,0.9,79,43,298047
138570,316383,0,0.00412008,0.8,0.1,0.9,80,44,300831
139260,316383,0,0.00412008,0.8,0.1,0.9,80,44,301651
139530,316383,0,0.00412008,0.8,0.1,0.9,80,44,301885
139740,316383,0,0.00412008,0.8,0.1,0.9,80,44,302135
140010,316383,0,0.00412008,0.8,0.1,0.9,80,44,302390
140100,316383,0,0.0036646,0.8,0.1,0.9,81,45,302501
140130,316383,0,0.0036646,0.8,0.1,0.9,81,45,302532
140850,316383,0,0.0036646,0.8,0.1,0.9,81,45,303482
141390,316383,0,0.0036646,0.8,0.1,0.9,81,45,304429
142020,316383,0,0.00378882,0.8,0.1,0.9,81,45,305692
142230,316383,0,0.00378882,0.8,0.1,0.9,81,45,306145
142380,316383,0,0.00378882,0.8,0.1,0.9,81,45,306469
142470,316383,0,0.00378882,0.8,0.1,0.9,81,45,306628
142680,316383,0,0.00341615,0.8,0.1,0.9,82,46,307167
143310,316383,0,0.00341615,0.8,0.1,0.9,82,46,308606
143340,316383,0,0.00341615,0.8,0.1,0.9,82,46,308666
143370,316383,0,0.00341615,0.8,0.1,0.9,82,46,308703
143400,316383,0,0.00341615,0.8,0.1,0.9,82,46,308761
143490,316383,0,0.00341615,0.8,0.1,0.9,82,46,308909
143670,316383,0,0.00341615,0.8,0.1,0.9,82,46,309232
144840,316383,0,0.00341615,0.8,0.1,0.9,82,46,311304
145860,316383,0,0.00279503,0.8,0.1,0.9,83,47,313047
146250,316383,0,0.00279503,0.8,0.1,0.9,83,47,313707
147030,316383,0,0.00279503,0.8,0.1,0.9,83,47,315017
147060,316383,0,0.00279503,0.8,0.1,0.9,83,47,315072
147150,316383,0,0.00279503,0.8,0.1,0.9,83,47,315239
147180,316383,0,0.00279503,0.8,0.1,0.9,83,47,315291
147720,316383,0,0.00254658,0.8,0.1,0.9,84,48,316090
148110,316383,0,0.00254658,0.8,0.1,0.9,84,48,316748
148140,316383,0,0.00254658,0.8,0.1,0.9,84,48,316790
148170,316383,0,0.00254658,0.8,0.1,0.9,84,48,316829
148440,316383,0,0.00254658,0.8,0.1,0.9,84,48,317259
149520,316383,0,0.00254658,0.8,0.1,0.9,84,48,318718
149790,316383,0,0.00229814,0.8,0.1,0.9,84,48,319089
150060,316383,0,0.00229814,0.8,0.1,0.9,84,48,319511
150150,316383,0,0.00167702,0.8,0.1,0.9,85,49,319654
150273,316383,1,0.20697,0.8,0.1,0.9,359,72,320045
151590,316383,0,0.0511014,0.575266,0.369681,0.660284,359,72,321941
151740,316383,0,0.0521656,0.577329,0.367205,0.662484,359,72,322194
153000,316383,0,0.0285424,0.692768,0.228678,0.78562,360,73,324825
153480,316383,0,0.024265,0.718855,0.197374,0.813446,360,73,325750
154200,316383,0,0.0232919,0.728793,0.185448,0.824046,360,73,327165
155160,316383,0,0.0203768,0.74441,0.166708,0.840704,361,74,328951
155310,316383,0,0.0191304,0.751087,0.158696,0.847826,361,74,329261
155460,316383,0,0.0183437,0.755302,0.153638,0.852322,361,74,329563
156030,316383,0,0.0179089,0.757631,0.150843,0.854806,361,74,330523
156480,316383,0,0.0176812,0.758851,0.149379,0.856108,361,74,331180
156720,316383,0,0.0170393,0.762289,0.145253,0.859775,361,74,331482
157260,316383,0,0.0168944,0.763066,0.144321,0.860603,361,74,332122
157530,316383,0,0.0168737,0.763177,0.144188,0.860722,361,74,332452
157620,316383,0,0.0160663,0.767502,0.138997,0.865336,362,75,332615
157740,316383,0,0.0160663,0.767502,0.138997,0.865336,362,75,332818
158370,316383,0,0.0160663,0.767502,0.138997,0.865336,362,75,333565
158880,316383,0,0.0163561,0.765949,0.140861,0.863679,362,75,334220
158940,316383,0,0.0149317,0.77358,0.131704,0.871819,362,75,334339
159540,316383,0,0.0145176,0.775799,0.129042,0.874185,362,75,335165
160050,316383,0,0.0150145,0.773137,0.132236,0.871346,362,75,335804
160920,316383,0,0.0134369,0.781588,0.122094,0.880361,363,76,337015
161610,316383,0,0.0134369,0.781588,0.122094,0.880361,363,76,337937
161820,316383,0,0.0126915,0.785581,0.117303,0.88462,363,76,338340
163470,316383,0,0.0120704,0.788909,0.11331,0.888169,364,77,340366
